Cluster,Size,Percentage,Avg_Age,Avg_Income,Female_%,Married_%,Higher_Edu_%,Management_%,Large_City_%
0,9663,29.28181818181818,31.258718824381663,145417.75763220532,58.9361481941426,51.16423470971748,5.495187829866501,25.18886474179861,27.64151919693677
1,8300,25.151515151515152,42.327710843373495,102735.87939759037,57.6144578313253,40.04819277108434,26.349397590361445,2.253012048192771,8.481927710843372
2,6234,18.89090909090909,50.5386589669554,160654.34488290022,62.56015399422522,44.4818735964068,64.88610843760026,29.563683028553093,31.953801732435032
3,8803,26.675757575757576,25.489037828013178,84436.9773940702,38.236964671134835,61.626718164262186,4.487106668181302,2.0901965239123026,6.179711462001591
